,0,1,2,3,4,5,6,7,8,9,10,11,12,13,14,15,16,17,18,19,20,21,22,23,24,25,26,27,28,29
10848,238.0,242.0,240.0,232.0,229.0,228.0,226.0,225.0,224.0,221.0,219.0,219.0,221.0,226.0,236.0,237.0,241.0,234.0,222.0,198.0,188.0,186.0,180.0,169.0,160.0,163.0,166.0,172.0,180.0,180.0
10817,131.0,132.0,130.0,128.0,127.0,128.0,129.0,126.0,122.0,120.0,118.0,121.0,127.0,134.0,145.0,156.0,162.0,170.0,180.0,191.0,201.0,212.0,219.0,223.0,227.0,229.0,226.0,223.0,217.0,204.0
10786,163.0,160.0,157.0,161.0,177.0,185.0,187.0,192.0,190.0,190.0,188.0,183.0,177.0,163.0,148.0,136.0,127.0,122.0,130.0,140.0,150.0,156.0,157.0,156.0,153.0,150.0,148.0,148.0,148.0,103.0
10755,117.0,123.0,128.0,132.0,137.0,141.0,142.0,142.0,148.0,170.0,186.0,194.0,192.0,186.0,176.0,160.0,161.0,168.0,180.0,206.0,209.0,207.0,206.0,203.0,201.0,202.0,201.0,196.0,190.0,168.0
10724,157.0,161.0,168.0,185.0,190.0,196.0,202.0,211.0,221.0,225.0,232.0,235.0,230.0,224.0,220.0,217.0,208.0,197.0,197.0,203.0,201.0,193.0,188.0,182.0,179.0,179.0,179.0,178.0,178.0,127.0
10693,124.0,121.0,116.0,113.0,114.0,115.0,115.0,114.0,113.0,108.0,98.0,101.0,107.0,110.0,108.0,99.0,87.0,78.0,76.0,82.0,87.0,93.0,103.0,117.0,127.0,134.0,139.0,143.0,144.0,201.0
10662,197.0,198.0,200.0,204.0,207.0,210.0,208.0,206.0,213.0,233.0,247.0,260.0,255.0,247.0,234.0,214.0,213.0,216.0,226.0,238.0,238.0,233.0,226.0,216.0,217.0,216.0,212.0,207.0,207.0,132.0
10600,136.0,144.0,154.0,170.0,176.0,186.0,198.0,205.0,203.0,196.0,183.0,153.0,143.0,134.0,124.0,119.0,121.0,125.0,131.0,140.0,153.0,158.0,164.0,166.0,171.0,172.0,173.0,155.0,162.0,170.0
10569,188.0,192.0,194.0,186.0,182.0,181.0,189.0,211.0,212.0,213.0,212.0,213.0,214.0,212.0,208.0,205.0,199.0,189.0,183.0,181.0,179.0,177.0,175.0,171.0,164.0,161.0,159.0,202.0,196.0,191.0
10507,165.0,163.0,162.0,162.0,161.0,156.0,148.0,139.0,129.0,114.0,104.0,96.0,95.0,100.0,110.0,117.0,121.0,128.0,123.0,120.0,121.0,126.0,136.0,148.0,158.0,167.0,154.0,149.0,145.0,149.0
10476,196.0,227.0,235.0,244.0,247.0,242.0,234.0,225.0,211.0,202.0,193.0,176.0,164.0,149.0,132.0,115.0,99.0,96.0,92.0,84.0,75.0,63.0,55.0,51.0,46.0,42.0,120.0,117.0,116.0,117.0
10445,132.0,147.0,157.0,167.0,178.0,192.0,207.0,206.0,210.0,204.0,199.0,197.0,194.0,193.0,190.0,184.0,177.0,177.0,179.0,177.0,172.0,173.0,179.0,191.0,208.0,221.0,223.0,237.0,267.0,282.0
10414,312.0,324.0,349.0,354.0,366.0,375.0,393.0,395.0,398.0,396.0,395.0,400.0,400.0,400.0,384.0,327.0,307.0,292.0,280.0,281.0,265.0,251.0,221.0,225.0,218.0,211.0,203.0,200.0,198.0,190.0
10383,166.0,147.0,125.0,107.0,99.0,106.0,115.0,121.0,131.0,146.0,160.0,163.0,173.0,185.0,195.0,206.0,209.0,207.0,197.0,191.0,187.0,189.0,194.0,203.0,204.0,211.0,208.0,204.0,200.0,190.0
10290,162.0,161.0,166.0,188.0,193.0,195.0,188.0,183.0,180.0,175.0,168.0,164.0,163.0,164.0,160.0,158.0,150.0,131.0,130.0,126.0,132.0,127.0,127.0,129.0,129.0,130.0,132.0,135.0,138.0,146.0
10135,128.0,128.0,126.0,123.0,111.0,110.0,114.0,121.0,110.0,103.0,104.0,105.0,107.0,110.0,127.0,139.0,145.0,152.0,151.0,152.0,158.0,164.0,168.0,174.0,171.0,168.0,171.0,184.0,203.0,215.0
10104,247.0,239.0,228.0,218.0,212.0,210.0,209.0,174.0,176.0,182.0,184.0,180.0,178.0,188.0,191.0,191.0,186.0,184.0,177.0,164.0,162.0,161.0,167.0,173.0,179.0,184.0,179.0,163.0,162.0,162.0
10073,170.0,168.0,169.0,169.0,168.0,161.0,92.0,85.0,83.0,80.0,80.0,80.0,77.0,79.0,77.0,82.0,88.0,99.0,115.0,126.0,126.0,131.0,126.0,118.0,114.0,114.0,118.0,123.0,128.0,125.0
10042,110.0,102.0,100.0,94.0,87.0,83.0,164.0,157.0,149.0,141.0,130.0,106.0,118.0,127.0,140.0,154.0,158.0,161.0,167.0,174.0,180.0,173.0,155.0,127.0,122.0,117.0,118.0,125.0,130.0,134.0
10011,158.0,169.0,181.0,178.0,167.0,114.0,113.0,114.0,117.0,124.0,134.0,133.0,137.0,147.0,155.0,163.0,167.0,173.0,186.0,213.0,244.0,260.0,272.0,270.0,262.0,256.0,253.0,254.0,252.0,243.0
9980,222.0,218.0,217.0,218.0,214.0,155.0,168.0,180.0,183.0,187.0,191.0,193.0,199.0,206.0,213.0,219.0,226.0,235.0,245.0,241.0,229.0,225.0,230.0,245.0,270.0,279.0,282.0,276.0,272.0,279.0
9949,295.0,291.0,284.0,276.0,135.0,145.0,156.0,164.0,171.0,177.0,187.0,190.0,203.0,206.0,201.0,193.0,187.0,187.0,187.0,185.0,178.0,170.0,165.0,164.0,166.0,172.0,179.0,185.0,191.0,199.0
9918,219.0,234.0,234.0,209.0,211.0,209.0,207.0,204.0,203.0,206.0,206.0,207.0,207.0,211.0,221.0,245.0,261.0,277.0,274.0,265.0,251.0,235.0,222.0,215.0,211.0,203.0,193.0,190.0,185.0,185.0
9887,198.0,204.0,210.0,216.0,216.0,217.0,216.0,212.0,213.0,211.0,205.0,198.0,199.0,204.0,215.0,238.0,260.0,263.0,259.0,250.0,236.0,211.0,186.0,175.0,159.0,145.0,137.0,130.0,122.0,115.0
9794,321.0,328.0,348.0,351.0,356.0,365.0,365.0,365.0,352.0,355.0,363.0,374.0,378.0,384.0,389.0,388.0,386.0,380.0,372.0,366.0,370.0,373.0,372.0,373.0,382.0,395.0,400.0,400.0,400.0,400.0
9763,400.0,397.0,223.0,204.0,178.0,161.0,153.0,143.0,133.0,128.0,112.0,102.0,95.0,96.0,105.0,114.0,120.0,129.0,146.0,144.0,143.0,134.0,122.0,109.0,97.0,83.0,72.0,62.0,58.0,57.0
9701,306.0,189.0,193.0,198.0,191.0,179.0,179.0,187.0,188.0,188.0,185.0,180.0,172.0,163.0,166.0,172.0,172.0,166.0,163.0,157.0,145.0,132.0,122.0,122.0,116.0,114.0,118.0,120.0,119.0,116.0
9670,104.0,69.0,75.0,76.0,81.0,89.0,94.0,107.0,115.0,116.0,124.0,144.0,159.0,170.0,176.0,181.0,188.0,190.0,188.0,184.0,181.0,176.0,170.0,168.0,168.0,169.0,168.0,166.0,169.0,178.0
9608,287.0,243.0,239.0,241.0,238.0,237.0,237.0,236.0,231.0,228.0,225.0,220.0,210.0,205.0,208.0,224.0,236.0,263.0,264.0,250.0,251.0,251.0,237.0,225.0,213.0,199.0,190.0,177.0,167.0,145.0
9546,177.0,176.0,177.0,173.0,173.0,179.0,181.0,178.0,181.0,184.0,181.0,178.0,178.0,184.0,192.0,201.0,210.0,221.0,218.0,215.0,210.0,206.0,209.0,210.0,208.0,191.0,175.0,167.0,162.0,158.0
9515,165.0,165.0,161.0,155.0,149.0,152.0,145.0,140.0,137.0,135.0,133.0,134.0,135.0,134.0,134.0,137.0,146.0,161.0,165.0,163.0,155.0,148.0,144.0,139.0,134.0,131.0,127.0,120.0,107.0,100.0
9484,91.0,91.0,93.0,100.0,110.0,141.0,140.0,143.0,149.0,160.0,171.0,177.0,180.0,188.0,198.0,201.0,206.0,212.0,221.0,231.0,237.0,239.0,236.0,232.0,232.0,235.0,238.0,241.0,244.0,244.0
9453,240.0,237.0,240.0,246.0,251.0,249.0,245.0,241.0,239.0,241.0,256.0,263.0,259.0,261.0,268.0,280.0,283.0,284.0,280.0,274.0,267.0,259.0,249.0,239.0,231.0,225.0,217.0,205.0,207.0,206.0
9422,194.0,196.0,201.0,207.0,152.0,151.0,148.0,149.0,151.0,154.0,160.0,168.0,175.0,176.0,177.0,177.0,175.0,174.0,170.0,163.0,153.0,144.0,136.0,128.0,123.0,122.0,124.0,129.0,133.0,138.0
9391,153.0,161.0,168.0,166.0,108.0,107.0,105.0,107.0,111.0,114.0,124.0,129.0,134.0,137.0,144.0,153.0,159.0,157.0,149.0,141.0,137.0,136.0,134.0,138.0,148.0,156.0,161.0,158.0,152.0,151.0
9360,150.0,145.0,132.0,211.0,211.0,213.0,213.0,211.0,209.0,206.0,202.0,201.0,208.0,240.0,246.0,250.0,249.0,240.0,235.0,233.0,231.0,231.0,226.0,216.0,209.0,202.0,200.0,198.0,196.0,188.0
9298,211.0,210.0,209.0,176.0,175.0,175.0,179.0,185.0,185.0,185.0,184.0,190.0,198.0,208.0,216.0,215.0,220.0,225.0,220.0,216.0,205.0,205.0,210.0,213.0,212.0,210.0,212.0,222.0,227.0,225.0
9267,216.0,218.0,226.0,133.0,129.0,128.0,119.0,123.0,120.0,108.0,118.0,120.0,119.0,117.0,114.0,103.0,93.0,82.0,69.0,62.0,56.0,57.0,61.0,68.0,76.0,85.0,86.0,84.0,81.0,79.0
9236,82.0,81.0,81.0,158.0,158.0,159.0,158.0,157.0,155.0,154.0,153.0,150.0,145.0,138.0,129.0,120.0,115.0,111.0,107.0,100.0,93.0,90.0,91.0,97.0,102.0,106.0,110.0,108.0,102.0,93.0
9205,85.0,84.0,83.0,118.0,128.0,141.0,146.0,150.0,152.0,155.0,156.0,151.0,144.0,133.0,122.0,108.0,99.0,90.0,84.0,80.0,76.0,73.0,71.0,78.0,87.0,101.0,109.0,113.0,118.0,121.0
9174,137.0,153.0,163.0,97.0,99.0,103.0,110.0,117.0,126.0,132.0,131.0,133.0,139.0,148.0,158.0,173.0,200.0,205.0,212.0,218.0,213.0,204.0,182.0,163.0,151.0,144.0,136.0,132.0,130.0,125.0
9143,104.0,97.0,88.0,129.0,131.0,133.0,133.0,132.0,132.0,130.0,130.0,134.0,143.0,162.0,170.0,176.0,180.0,178.0,171.0,162.0,156.0,152.0,151.0,153.0,155.0,154.0,154.0,153.0,154.0,157.0
9112,162.0,164.0,163.0,90.0,92.0,94.0,96.0,102.0,105.0,109.0,117.0,118.0,118.0,115.0,111.0,110.0,115.0,128.0,139.0,142.0,137.0,130.0,127.0,125.0,121.0,117.0,112.0,106.0,100.0,94.0
9081,94.0,94.0,92.0,136.0,138.0,139.0,139.0,138.0,140.0,137.0,136.0,133.0,132.0,137.0,156.0,175.0,184.0,180.0,177.0,174.0,170.0,160.0,155.0,146.0,136.0,137.0,142.0,152.0,173.0,170.0
9050,164.0,162.0,165.0,116.0,117.0,118.0,125.0,127.0,120.0,114.0,113.0,113.0,112.0,116.0,123.0,136.0,150.0,161.0,161.0,168.0,160.0,155.0,153.0,149.0,151.0,156.0,156.0,156.0,157.0,155.0
9019,134.0,120.0,116.0,200.0,194.0,174.0,165.0,158.0,147.0,149.0,142.0,133.0,127.0,120.0,113.0,107.0,115.0,123.0,125.0,119.0,103.0,89.0,86.0,87.0,94.0,93.0,81.0,70.0,63.0,60.0
8988,66.0,70.0,73.0,152.0,160.0,166.0,171.0,178.0,180.0,158.0,155.0,153.0,150.0,142.0,134.0,133.0,134.0,136.0,135.0,128.0,115.0,111.0,110.0,111.0,108.0,98.0,98.0,105.0,114.0,122.0
8957,127.0,125.0,128.0,114.0,111.0,109.0,107.0,111.0,107.0,103.0,104.0,102.0,101.0,103.0,108.0,122.0,130.0,144.0,159.0,152.0,150.0,149.0,147.0,139.0,133.0,125.0,118.0,111.0,112.0,107.0
8926,101.0,86.0,87.0,140.0,136.0,135.0,132.0,125.0,112.0,105.0,103.0,109.0,119.0,134.0,155.0,188.0,187.0,192.0,194.0,206.0,217.0,231.0,235.0,228.0,220.0,215.0,215.0,212.0,203.0,204.0
8802,183.0,196.0,204.0,196.0,188.0,190.0,194.0,196.0,194.0,193.0,136.0,128.0,119.0,120.0,127.0,128.0,111.0,102.0,97.0,88.0,79.0,70.0,64.0,67.0,87.0,127.0,124.0,107.0,99.0,92.0
8771,76.0,73.0,69.0,74.0,75.0,68.0,62.0,57.0,54.0,173.0,164.0,151.0,142.0,131.0,108.0,100.0,97.0,95.0,98.0,104.0,110.0,116.0,121.0,124.0,125.0,125.0,121.0,119.0,117.0,113.0
8740,110.0,111.0,115.0,122.0,132.0,142.0,148.0,148.0,146.0,110.0,115.0,120.0,125.0,129.0,137.0,143.0,141.0,148.0,147.0,147.0,148.0,153.0,161.0,163.0,158.0,150.0,147.0,150.0,152.0,150.0
8709,160.0,176.0,187.0,191.0,196.0,198.0,205.0,205.0,165.0,161.0,157.0,157.0,153.0,145.0,137.0,129.0,124.0,121.0,125.0,132.0,140.0,147.0,144.0,137.0,126.0,117.0,112.0,108.0,103.0,100.0
8678,88.0,85.0,86.0,90.0,96.0,102.0,114.0,141.0,145.0,148.0,147.0,140.0,130.0,126.0,120.0,118.0,119.0,120.0,120.0,117.0,113.0,115.0,122.0,137.0,144.0,152.0,162.0,175.0,188.0,200.0
8647,220.0,215.0,217.0,209.0,203.0,202.0,127.0,133.0,141.0,148.0,150.0,141.0,138.0,142.0,146.0,152.0,155.0,154.0,152.0,147.0,142.0,130.0,117.0,108.0,99.0,92.0,91.0,94.0,96.0,98.0
8616,110.0,116.0,115.0,113.0,115.0,124.0,180.0,179.0,179.0,174.0,169.0,167.0,164.0,162.0,157.0,154.0,155.0,163.0,172.0,180.0,184.0,178.0,169.0,154.0,140.0,128.0,117.0,107.0,99.0,90.0
8585,79.0,76.0,74.0,72.0,68.0,124.0,121.0,117.0,114.0,113.0,120.0,124.0,126.0,127.0,129.0,138.0,149.0,150.0,150.0,151.0,149.0,146.0,138.0,121.0,110.0,107.0,105.0,106.0,106.0,108.0
8554,113.0,112.0,109.0,109.0,104.0,107.0,113.0,115.0,116.0,118.0,134.0,143.0,155.0,160.0,166.0,172.0,177.0,171.0,164.0,158.0,154.0,151.0,145.0,140.0,134.0,130.0,133.0,134.0,131.0,130.0
8523,134.0,140.0,149.0,149.0,161.0,159.0,158.0,157.0,155.0,153.0,142.0,137.0,133.0,135.0,140.0,142.0,145.0,150.0,153.0,157.0,154.0,151.0,150.0,150.0,153.0,155.0,156.0,155.0,155.0,158.0
8492,160.0,165.0,172.0,149.0,145.0,147.0,149.0,153.0,157.0,146.0,143.0,151.0,161.0,170.0,173.0,168.0,160.0,150.0,141.0,132.0,125.0,117.0,118.0,116.0,111.0,101.0,94.0,91.0,90.0,90.0
8461,90.0,93.0,96.0,139.0,145.0,151.0,156.0,157.0,159.0,160.0,159.0,156.0,154.0,152.0,150.0,145.0,136.0,124.0,114.0,109.0,106.0,106.0,104.0,101.0,96.0,100.0,100.0,96.0,95.0,94.0
8430,96.0,96.0,96.0,134.0,143.0,141.0,142.0,143.0,145.0,153.0,165.0,167.0,176.0,189.0,201.0,214.0,228.0,237.0,246.0,255.0,270.0,275.0,282.0,285.0,290.0,294.0,291.0,297.0,299.0,299.0
8399,278.0,255.0,236.0,219.0,213.0,199.0,185.0,171.0,157.0,140.0,118.0,96.0,88.0,79.0,72.0,71.0,79.0,89.0,97.0,101.0,102.0,104.0,101.0,95.0,91.0,87.0,83.0,75.0,79.0,84.0
8368,234.0,234.0,235.0,236.0,237.0,214.0,203.0,197.0,191.0,191.0,192.0,197.0,203.0,207.0,207.0,203.0,197.0,188.0,180.0,176.0,175.0,176.0,179.0,179.0,175.0,171.0,163.0,153.0,143.0,208.0
8337,226.0,225.0,233.0,246.0,264.0,268.0,274.0,278.0,285.0,295.0,293.0,301.0,291.0,273.0,247.0,235.0,226.0,219.0,219.0,222.0,223.0,220.0,209.0,187.0,188.0,184.0,183.0,173.0,179.0,92.0
8306,89.0,85.0,86.0,83.0,95.0,101.0,109.0,117.0,123.0,129.0,134.0,142.0,137.0,136.0,147.0,145.0,145.0,143.0,141.0,138.0,136.0,135.0,131.0,132.0,131.0,135.0,143.0,148.0,163.0,158.0
8213,170.0,173.0,181.0,197.0,207.0,209.0,199.0,186.0,171.0,166.0,168.0,160.0,132.0,118.0,110.0,105.0,97.0,96.0,104.0,108.0,132.0,127.0,124.0,125.0,128.0,132.0,130.0,121.0,101.0,99.0
8182,128.0,133.0,131.0,124.0,119.0,119.0,124.0,134.0,151.0,160.0,154.0,143.0,136.0,138.0,141.0,140.0,141.0,143.0,142.0,148.0,157.0,160.0,166.0,169.0,171.0,183.0,186.0,185.0,179.0,167.0
8151,158.0,157.0,158.0,152.0,144.0,139.0,136.0,140.0,145.0,152.0,167.0,175.0,177.0,181.0,181.0,186.0,197.0,208.0,207.0,96.0,99.0,99.0,96.0,91.0,92.0,90.0,89.0,90.0,92.0,101.0
8120,140.0,150.0,146.0,137.0,129.0,126.0,121.0,109.0,103.0,103.0,103.0,99.0,93.0,94.0,92.0,93.0,94.0,92.0,139.0,137.0,137.0,140.0,142.0,144.0,144.0,139.0,136.0,134.0,139.0,153.0
8089,152.0,146.0,140.0,140.0,143.0,151.0,166.0,164.0,170.0,179.0,179.0,178.0,175.0,175.0,175.0,180.0,194.0,122.0,120.0,120.0,127.0,131.0,132.0,131.0,130.0,129.0,129.0,127.0,122.0,122.0
8058,121.0,116.0,104.0,94.0,99.0,109.0,114.0,117.0,122.0,133.0,141.0,149.0,157.0,161.0,156.0,155.0,64.0,66.0,68.0,74.0,92.0,110.0,117.0,117.0,119.0,120.0,133.0,150.0,157.0,162.0
8027,152.0,131.0,118.0,108.0,100.0,94.0,91.0,93.0,96.0,98.0,97.0,94.0,93.0,139.0,155.0,169.0,182.0,197.0,210.0,223.0,227.0,234.0,243.0,253.0,248.0,235.0,229.0,226.0,226.0,221.0
7996,227.0,225.0,220.0,217.0,211.0,211.0,207.0,197.0,197.0,197.0,192.0,129.0,131.0,133.0,132.0,130.0,130.0,134.0,135.0,131.0,124.0,112.0,103.0,103.0,109.0,115.0,118.0,116.0,110.0,104.0
7965,106.0,108.0,108.0,107.0,102.0,95.0,98.0,105.0,122.0,127.0,129.0,124.0,123.0,119.0,120.0,121.0,124.0,124.0,125.0,133.0,158.0,185.0,197.0,201.0,203.0,201.0,192.0,175.0,154.0,138.0
7934,126.0,124.0,126.0,124.0,119.0,118.0,121.0,126.0,128.0,128.0,128.0,121.0,118.0,116.0,115.0,117.0,117.0,119.0,118.0,120.0,132.0,167.0,187.0,200.0,200.0,196.0,192.0,198.0,208.0,216.0
7903,222.0,226.0,230.0,238.0,254.0,259.0,265.0,261.0,255.0,252.0,128.0,128.0,128.0,130.0,133.0,136.0,136.0,141.0,155.0,159.0,160.0,161.0,165.0,169.0,171.0,167.0,161.0,150.0,137.0,133.0
7872,139.0,145.0,151.0,161.0,168.0,162.0,154.0,142.0,126.0,114.0,102.0,97.0,94.0,89.0,82.0,76.0,71.0,67.0,67.0,72.0,78.0,80.0,84.0,92.0,101.0,107.0,108.0,105.0,100.0,95.0
7841,97.0,100.0,104.0,111.0,119.0,119.0,123.0,126.0,52.0,45.0,43.0,41.0,42.0,45.0,46.0,46.0,51.0,72.0,117.0,137.0,148.0,160.0,178.0,197.0,212.0,217.0,222.0,223.0,226.0,243.0
7810,276.0,291.0,306.0,315.0,314.0,317.0,309.0,137.0,144.0,147.0,152.0,157.0,158.0,157.0,153.0,147.0,141.0,136.0,136.0,136.0,132.0,121.0,108.0,97.0,87.0,85.0,92.0,104.0,115.0,128.0
7779,142.0,151.0,160.0,166.0,169.0,175.0,207.0,198.0,190.0,178.0,170.0,162.0,147.0,141.0,146.0,145.0,147.0,150.0,147.0,140.0,136.0,138.0,138.0,133.0,125.0,113.0,96.0,79.0,66.0,55.0
7748,41.0,40.0,40.0,44.0,49.0,203.0,199.0,198.0,196.0,189.0,191.0,201.0,206.0,205.0,197.0,176.0,173.0,167.0,161.0,152.0,134.0,126.0,112.0,102.0,89.0,77.0,67.0,57.0,51.0,56.0
7717,66.0,61.0,51.0,40.0,121.0,120.0,122.0,122.0,125.0,124.0,123.0,121.0,117.0,108.0,101.0,92.0,89.0,92.0,96.0,98.0,93.0,88.0,86.0,86.0,89.0,88.0,86.0,85.0,89.0,106.0
7686,122.0,125.0,98.0,99.0,101.0,108.0,107.0,107.0,113.0,113.0,117.0,127.0,138.0,152.0,163.0,169.0,163.0,154.0,157.0,157.0,159.0,160.0,158.0,153.0,152.0,156.0,158.0,160.0,161.0,163.0
7655,162.0,162.0,109.0,108.0,105.0,96.0,93.0,97.0,111.0,118.0,123.0,128.0,141.0,153.0,167.0,165.0,160.0,150.0,146.0,144.0,142.0,145.0,157.0,173.0,184.0,192.0,186.0,178.0,184.0,192.0
7562,233.0,223.0,217.0,219.0,221.0,223.0,216.0,207.0,198.0,191.0,191.0,192.0,191.0,185.0,175.0,168.0,168.0,170.0,176.0,178.0,178.0,178.0,177.0,177.0,179.0,128.0,130.0,130.0,130.0,132.0
7531,126.0,121.0,119.0,117.0,114.0,114.0,114.0,115.0,117.0,118.0,119.0,119.0,115.0,112.0,113.0,114.0,120.0,135.0,148.0,146.0,151.0,153.0,154.0,157.0,146.0,142.0,142.0,142.0,142.0,143.0
7500,143.0,145.0,147.0,152.0,164.0,176.0,182.0,191.0,198.0,204.0,212.0,219.0,226.0,232.0,235.0,238.0,238.0,235.0,233.0,231.0,228.0,227.0,227.0,226.0,126.0,125.0,127.0,127.0,128.0,129.0
7469,126.0,130.0,136.0,148.0,160.0,165.0,169.0,174.0,177.0,179.0,176.0,170.0,168.0,165.0,163.0,162.0,161.0,164.0,167.0,171.0,177.0,184.0,189.0,127.0,126.0,126.0,128.0,130.0,132.0,146.0
7438,153.0,152.0,149.0,145.0,135.0,121.0,110.0,105.0,105.0,110.0,111.0,108.0,104.0,101.0,103.0,107.0,111.0,117.0,126.0,140.0,147.0,156.0,159.0,162.0,164.0,168.0,168.0,167.0,162.0,157.0
7376,138.0,133.0,136.0,144.0,149.0,149.0,147.0,141.0,137.0,132.0,127.0,124.0,122.0,122.0,123.0,124.0,126.0,130.0,135.0,140.0,134.0,131.0,131.0,131.0,129.0,126.0,121.0,119.0,118.0,121.0
7345,114.0,105.0,96.0,89.0,83.0,75.0,68.0,70.0,76.0,80.0,82.0,83.0,84.0,86.0,92.0,107.0,122.0,129.0,136.0,388.0,400.0,400.0,396.0,395.0,393.0,345.0,323.0,304.0,287.0,284.0
7314,293.0,296.0,305.0,304.0,302.0,299.0,291.0,258.0,263.0,268.0,262.0,254.0,251.0,247.0,238.0,233.0,223.0,213.0,118.0,123.0,123.0,120.0,118.0,121.0,124.0,122.0,123.0,122.0,125.0,139.0
7283,159.0,173.0,179.0,191.0,190.0,179.0,178.0,180.0,183.0,197.0,212.0,229.0,230.0,231.0,225.0,223.0,222.0,106.0,105.0,105.0,105.0,103.0,107.0,139.0,143.0,143.0,150.0,163.0,155.0,154.0
7159,170.0,175.0,185.0,195.0,193.0,194.0,193.0,194.0,201.0,213.0,112.0,116.0,119.0,122.0,122.0,88.0,87.0,88.0,90.0,96.0,108.0,117.0,122.0,125.0,124.0,125.0,123.0,123.0,124.0,125.0
7128,125.0,123.0,122.0,119.0,117.0,113.0,109.0,104.0,101.0,143.0,143.0,144.0,146.0,148.0,152.0,178.0,191.0,197.0,200.0,202.0,203.0,200.0,197.0,190.0,181.0,173.0,168.0,168.0,166.0,161.0
7097,149.0,149.0,149.0,149.0,153.0,158.0,160.0,159.0,155.0,110.0,109.0,107.0,105.0,104.0,103.0,102.0,101.0,98.0,96.0,95.0,99.0,108.0,125.0,137.0,149.0,159.0,168.0,170.0,175.0,174.0
7066,167.0,163.0,161.0,164.0,169.0,174.0,173.0,168.0,140.0,136.0,132.0,128.0,124.0,121.0,116.0,109.0,102.0,94.0,88.0,84.0,83.0,88.0,96.0,104.0,112.0,115.0,117.0,120.0,124.0,122.0
7035,118.0,121.0,133.0,147.0,152.0,156.0,156.0,157.0,174.0,173.0,174.0,177.0,181.0,187.0,199.0,204.0,209.0,217.0,229.0,246.0,259.0,264.0,272.0,278.0,285.0,289.0,286.0,287.0,287.0,284.0
7004,278.0,273.0,270.0,264.0,256.0,248.0,241.0,235.0,225.0,226.0,226.0,227.0,229.0,229.0,233.0,235.0,233.0,230.0,233.0,244.0,268.0,280.0,289.0,284.0,272.0,256.0,236.0,224.0,215.0,209.0
6973,208.0,207.0,200.0,192.0,183.0,176.0,167.0,161.0,164.0,164.0,164.0,161.0,157.0,153.0,150.0,146.0,148.0,153.0,168.0,180.0,187.0,192.0,193.0,192.0,193.0,195.0,193.0,190.0,186.0,181.0
6942,177.0,181.0,188.0,197.0,204.0,208.0,215.0,177.0,172.0,168.0,162.0,158.0,169.0,169.0,167.0,165.0,165.0,163.0,157.0,150.0,143.0,137.0,130.0,122.0,115.0,113.0,112.0,108.0,105.0,109.0
6911,114.0,111.0,108.0,109.0,114.0,124.0,144.0,142.0,141.0,139.0,137.0,134.0,129.0,128.0,127.0,125.0,125.0,130.0,148.0,164.0,174.0,178.0,183.0,180.0,170.0,158.0,156.0,152.0,137.0,130.0
6880,118.0,113.0,108.0,102.0,96.0,105.0,106.0,106.0,107.0,106.0,106.0,101.0,99.0,99.0,101.0,103.0,102.0,102.0,106.0,117.0,121.0,120.0,116.0,117.0,130.0,147.0,151.0,160.0,170.0,176.0
6849,170.0,161.0,155.0,154.0,187.0,191.0,193.0,188.0,188.0,186.0,179.0,176.0,172.0,169.0,165.0,158.0,161.0,166.0,172.0,175.0,174.0,173.0,178.0,190.0,201.0,198.0,201.0,199.0,201.0,204.0
6818,216.0,221.0,224.0,197.0,191.0,184.0,176.0,173.0,171.0,168.0,165.0,162.0,156.0,151.0,148.0,144.0,142.0,142.0,138.0,135.0,133.0,132.0,129.0,124.0,117.0,109.0,106.0,103.0,104.0,106.0
6787,100.0,94.0,92.0,80.0,81.0,81.0,80.0,79.0,78.0,78.0,75.0,73.0,72.0,76.0,90.0,124.0,136.0,146.0,143.0,145.0,149.0,158.0,165.0,169.0,165.0,161.0,157.0,154.0,150.0,151.0
6756,156.0,156.0,91.0,90.0,78.0,82.0,83.0,84.0,85.0,83.0,86.0,95.0,111.0,126.0,142.0,148.0,158.0,166.0,176.0,190.0,201.0,204.0,210.0,201.0,206.0,221.0,216.0,212.0,206.0,195.0
6725,178.0,212.0,215.0,213.0,213.0,207.0,190.0,184.0,179.0,180.0,178.0,180.0,178.0,164.0,147.0,131.0,116.0,102.0,84.0,73.0,62.0,55.0,51.0,54.0,60.0,67.0,72.0,75.0,79.0,93.0
6694,117.0,133.0,135.0,136.0,134.0,131.0,132.0,132.0,132.0,133.0,132.0,135.0,137.0,137.0,138.0,140.0,143.0,141.0,137.0,137.0,138.0,139.0,138.0,138.0,143.0,144.0,143.0,142.0,138.0,133.0
6663,136.0,252.0,256.0,268.0,284.0,290.0,302.0,298.0,297.0,311.0,308.0,308.0,311.0,309.0,307.0,305.0,296.0,270.0,266.0,255.0,228.0,227.0,220.0,212.0,208.0,211.0,216.0,220.0,219.0,211.0
6601,188.0,196.0,204.0,201.0,192.0,187.0,182.0,177.0,175.0,183.0,192.0,214.0,243.0,242.0,244.0,244.0,244.0,243.0,238.0,227.0,223.0,216.0,221.0,226.0,227.0,226.0,228.0,233.0,235.0,239.0
6570,138.0,159.0,174.0,193.0,198.0,224.0,233.0,238.0,231.0,235.0,253.0,268.0,261.0,255.0,251.0,250.0,248.0,239.0,239.0,236.0,229.0,228.0,223.0,211.0,202.0,194.0,198.0,203.0,199.0,191.0
6508,173.0,179.0,184.0,176.0,168.0,158.0,143.0,133.0,133.0,140.0,153.0,163.0,162.0,166.0,183.0,185.0,185.0,179.0,171.0,158.0,142.0,133.0,124.0,118.0,113.0,105.0,95.0,88.0,87.0,90.0
6446,111.0,98.0,102.0,114.0,125.0,151.0,161.0,164.0,167.0,166.0,158.0,144.0,132.0,131.0,136.0,145.0,156.0,168.0,170.0,171.0,162.0,154.0,147.0,141.0,138.0,137.0,131.0,136.0,148.0,177.0
6415,277.0,283.0,302.0,316.0,320.0,326.0,317.0,309.0,304.0,297.0,292.0,298.0,298.0,301.0,303.0,301.0,286.0,275.0,279.0,284.0,284.0,275.0,265.0,259.0,255.0,249.0,242.0,235.0,224.0,189.0
6384,180.0,174.0,169.0,162.0,148.0,151.0,153.0,165.0,169.0,166.0,163.0,158.0,149.0,140.0,133.0,127.0,120.0,112.0,105.0,105.0,103.0,103.0,99.0,92.0,96.0,103.0,105.0,104.0,99.0,75.0
6353,82.0,93.0,105.0,113.0,120.0,118.0,116.0,124.0,140.0,140.0,143.0,148.0,149.0,143.0,134.0,122.0,113.0,115.0,121.0,128.0,141.0,163.0,162.0,157.0,152.0,156.0,167.0,187.0,202.0,136.0
6322,131.0,132.0,134.0,136.0,141.0,145.0,161.0,162.0,163.0,154.0,143.0,140.0,139.0,139.0,143.0,148.0,158.0,158.0,156.0,150.0,147.0,151.0,165.0,174.0,183.0,192.0,202.0,213.0,220.0,191.0
6291,169.0,168.0,173.0,175.0,177.0,172.0,166.0,164.0,169.0,179.0,186.0,186.0,180.0,174.0,168.0,167.0,167.0,162.0,158.0,149.0,152.0,161.0,167.0,168.0,165.0,162.0,153.0,149.0,139.0,133.0
6260,122.0,127.0,135.0,150.0,153.0,163.0,163.0,162.0,163.0,174.0,172.0,163.0,128.0,99.0,86.0,83.0,82.0,80.0,82.0,84.0,86.0,85.0,86.0,87.0,89.0,90.0,91.0,96.0,136.0,133.0
6229,136.0,137.0,143.0,152.0,158.0,175.0,181.0,180.0,175.0,169.0,161.0,154.0,151.0,146.0,145.0,142.0,142.0,145.0,146.0,151.0,162.0,182.0,195.0,209.0,222.0,219.0,222.0,225.0,155.0,156.0
6198,150.0,152.0,160.0,165.0,165.0,159.0,152.0,151.0,158.0,174.0,172.0,164.0,143.0,125.0,114.0,104.0,93.0,88.0,81.0,75.0,73.0,82.0,93.0,114.0,117.0,124.0,131.0,151.0,151.0,153.0
6167,150.0,147.0,145.0,144.0,147.0,162.0,187.0,193.0,199.0,196.0,183.0,164.0,161.0,156.0,152.0,160.0,170.0,173.0,173.0,168.0,164.0,165.0,171.0,188.0,210.0,224.0,234.0,105.0,100.0,100.0
6105,251.0,245.0,230.0,210.0,206.0,215.0,224.0,228.0,225.0,218.0,210.0,203.0,193.0,174.0,154.0,143.0,137.0,127.0,122.0,126.0,131.0,138.0,148.0,154.0,154.0,150.0,129.0,128.0,128.0,126.0
6074,145.0,168.0,175.0,194.0,222.0,238.0,257.0,260.0,252.0,235.0,205.0,188.0,174.0,167.0,154.0,138.0,138.0,128.0,123.0,128.0,124.0,110.0,109.0,106.0,110.0,116.0,316.0,324.0,330.0,333.0
6043,337.0,331.0,308.0,308.0,306.0,294.0,282.0,246.0,235.0,238.0,244.0,248.0,249.0,253.0,261.0,261.0,265.0,266.0,267.0,269.0,268.0,263.0,256.0,253.0,258.0,264.0,264.0,262.0,258.0,250.0
6012,221.0,190.0,191.0,181.0,167.0,153.0,133.0,118.0,109.0,103.0,98.0,93.0,99.0,105.0,106.0,103.0,96.0,86.0,85.0,88.0,92.0,94.0,94.0,92.0,94.0,164.0,183.0,207.0,226.0,248.0
5981,264.0,284.0,289.0,294.0,289.0,292.0,294.0,295.0,291.0,284.0,272.0,260.0,237.0,220.0,199.0,175.0,153.0,135.0,119.0,105.0,91.0,42.0,40.0,40.0,40.0,225.0,245.0,251.0,274.0,294.0
5950,317.0,331.0,344.0,376.0,400.0,400.0,400.0,400.0,400.0,400.0,400.0,400.0,400.0,400.0,400.0,400.0,384.0,379.0,371.0,365.0,363.0,364.0,363.0,357.0,345.0,204.0,190.0,185.0,190.0,189.0
5826,269.0,261.0,249.0,236.0,217.0,206.0,196.0,199.0,197.0,189.0,180.0,170.0,161.0,154.0,151.0,153.0,156.0,158.0,158.0,159.0,161.0,162.0,164.0,178.0,177.0,174.0,167.0,164.0,169.0,189.0
5795,212.0,218.0,223.0,223.0,218.0,211.0,207.0,200.0,193.0,188.0,183.0,187.0,185.0,184.0,188.0,191.0,191.0,191.0,189.0,187.0,183.0,179.0,172.0,172.0,167.0,168.0,170.0,172.0,171.0,171.0
5764,176.0,176.0,177.0,176.0,180.0,191.0,192.0,196.0,201.0,211.0,219.0,221.0,222.0,226.0,233.0,236.0,240.0,244.0,249.0,253.0,255.0,254.0,251.0,112.0,111.0,110.0,110.0,114.0,115.0,115.0
5733,110.0,113.0,125.0,152.0,166.0,173.0,182.0,184.0,178.0,169.0,162.0,156.0,150.0,145.0,139.0,134.0,130.0,128.0,127.0,127.0,196.0,203.0,207.0,208.0,204.0,185.0,175.0,169.0,170.0,177.0
5671,149.0,134.0,119.0,103.0,86.0,75.0,76.0,77.0,83.0,85.0,87.0,93.0,100.0,110.0,109.0,107.0,107.0,111.0,150.0,149.0,149.0,148.0,150.0,134.0,126.0,123.0,123.0,128.0,145.0,168.0
5640,182.0,179.0,169.0,158.0,143.0,135.0,128.0,122.0,123.0,131.0,135.0,137.0,137.0,137.0,136.0,137.0,139.0,167.0,169.0,168.0,167.0,165.0,161.0,170.0,176.0,175.0,174.0,174.0,174.0,176.0
5609,171.0,152.0,138.0,130.0,124.0,120.0,121.0,122.0,121.0,118.0,113.0,106.0,100.0,98.0,99.0,100.0,185.0,183.0,184.0,182.0,180.0,178.0,189.0,194.0,195.0,198.0,201.0,205.0,213.0,230.0
5578,242.0,234.0,222.0,210.0,197.0,190.0,185.0,187.0,196.0,201.0,204.0,207.0,212.0,220.0,224.0,226.0,138.0,141.0,152.0,149.0,147.0,140.0,136.0,129.0,125.0,126.0,133.0,158.0,172.0,179.0
5547,185.0,176.0,171.0,164.0,157.0,150.0,146.0,139.0,130.0,133.0,132.0,130.0,123.0,116.0,110.0,137.0,141.0,145.0,151.0,151.0,153.0,145.0,143.0,165.0,163.0,164.0,170.0,173.0,181.0,188.0
5516,185.0,194.0,196.0,201.0,203.0,203.0,205.0,205.0,209.0,218.0,225.0,229.0,233.0,238.0,176.0,168.0,166.0,156.0,144.0,152.0,156.0,156.0,154.0,146.0,131.0,126.0,119.0,111.0,97.0,88.0
5485,82.0,93.0,100.0,104.0,103.0,100.0,97.0,98.0,103.0,115.0,131.0,143.0,155.0,209.0,216.0,213.0,214.0,203.0,190.0,188.0,188.0,190.0,194.0,217.0,224.0,213.0,206.0,206.0,203.0,195.0
5454,181.0,155.0,149.0,155.0,158.0,159.0,157.0,157.0,152.0,133.0,215.0,216.0,214.0,206.0,198.0,186.0,179.0,179.0,178.0,173.0,176.0,189.0,196.0,189.0,179.0,174.0,169.0,161.0,153.0,153.0
5423,134.0,121.0,115.0,102.0,96.0,85.0,83.0,83.0,83.0,161.0,162.0,160.0,158.0,153.0,154.0,177.0,187.0,185.0,180.0,179.0,180.0,176.0,156.0,133.0,119.0,99.0,83.0,85.0,90.0,95.0
5392,89.0,88.0,95.0,118.0,130.0,128.0,129.0,126.0,127.0,192.0,195.0,201.0,199.0,189.0,181.0,202.0,213.0,208.0,187.0,154.0,154.0,149.0,136.0,146.0,166.0,169.0,177.0,183.0,185.0,192.0
5361,219.0,225.0,229.0,223.0,210.0,205.0,202.0,195.0,166.0,140.0,143.0,145.0,146.0,141.0,142.0,137.0,135.0,136.0,146.0,148.0,146.0,143.0,143.0,151.0,156.0,155.0,152.0,148.0,147.0,141.0
5237,149.0,150.0,146.0,140.0,133.0,128.0,128.0,134.0,148.0,157.0,164.0,168.0,168.0,170.0,171.0,167.0,166.0,168.0,171.0,173.0,175.0,172.0,170.0,169.0,169.0,166.0,159.0,161.0,167.0,176.0
5206,187.0,180.0,170.0,157.0,149.0,145.0,145.0,141.0,137.0,139.0,138.0,141.0,140.0,136.0,132.0,132.0,133.0,137.0,141.0,145.0,152.0,152.0,151.0,148.0,144.0,140.0,132.0,130.0,130.0,134.0
5175,154.0,163.0,157.0,148.0,134.0,117.0,107.0,99.0,96.0,88.0,70.0,74.0,80.0,90.0,93.0,92.0,95.0,100.0,105.0,235.0,233.0,233.0,239.0,256.0,267.0,326.0,333.0,340.0,337.0,327.0
5113,222.0,222.0,219.0,213.0,203.0,195.0,194.0,197.0,190.0,186.0,191.0,200.0,211.0,221.0,238.0,302.0,299.0,288.0,294.0,297.0,300.0,288.0,282.0,282.0,282.0,280.0,273.0,260.0,259.0,251.0
5082,225.0,218.0,202.0,186.0,174.0,138.0,137.0,132.0,118.0,103.0,98.0,100.0,104.0,101.0,93.0,245.0,247.0,246.0,247.0,246.0,245.0,246.0,246.0,256.0,281.0,277.0,278.0,280.0,271.0,258.0
4958,101.0,103.0,101.0,93.0,89.0,92.0,99.0,105.0,143.0,145.0,151.0,165.0,172.0,176.0,186.0,183.0,184.0,181.0,176.0,166.0,150.0,143.0,141.0,138.0,132.0,129.0,124.0,121.0,125.0,131.0
4927,147.0,155.0,164.0,169.0,177.0,180.0,187.0,217.0,220.0,214.0,204.0,202.0,196.0,195.0,195.0,187.0,177.0,173.0,169.0,179.0,194.0,221.0,232.0,239.0,235.0,226.0,219.0,207.0,198.0,190.0
4896,176.0,164.0,161.0,155.0,157.0,150.0,126.0,179.0,178.0,178.0,182.0,191.0,197.0,213.0,219.0,222.0,229.0,248.0,256.0,261.0,253.0,238.0,230.0,218.0,204.0,187.0,180.0,170.0,164.0,168.0
4865,161.0,164.0,167.0,172.0,182.0,180.0,183.0,184.0,185.0,187.0,187.0,185.0,185.0,184.0,178.0,163.0,153.0,155.0,158.0,161.0,165.0,170.0,174.0,181.0,187.0,187.0,184.0,181.0,177.0,177.0
4834,191.0,192.0,191.0,189.0,187.0,190.0,189.0,138.0,136.0,136.0,139.0,140.0,142.0,143.0,140.0,135.0,130.0,130.0,131.0,132.0,129.0,120.0,118.0,119.0,120.0,117.0,104.0,93.0,91.0,85.0
4803,80.0,86.0,90.0,91.0,94.0,99.0,97.0,139.0,139.0,144.0,149.0,149.0,151.0,157.0,162.0,190.0,209.0,214.0,211.0,208.0,206.0,209.0,217.0,231.0,241.0,250.0,261.0,263.0,273.0,267.0
4772,245.0,244.0,244.0,236.0,229.0,231.0,239.0,170.0,178.0,182.0,185.0,178.0,177.0,171.0,168.0,171.0,169.0,162.0,153.0,155.0,160.0,158.0,140.0,118.0,108.0,111.0,123.0,132.0,130.0,126.0
4741,119.0,120.0,122.0,124.0,129.0,134.0,142.0,150.0,158.0,163.0,161.0,166.0,167.0,165.0,160.0,156.0,149.0,142.0,143.0,150.0,169.0,203.0,203.0,205.0,201.0,189.0,182.0,173.0,171.0,168.0
4710,152.0,146.0,141.0,147.0,155.0,154.0,165.0,162.0,168.0,170.0,170.0,170.0,167.0,165.0,165.0,167.0,177.0,215.0,225.0,224.0,214.0,201.0,198.0,203.0,209.0,216.0,215.0,213.0,208.0,192.0
4679,182.0,191.0,202.0,211.0,216.0,216.0,180.0,191.0,200.0,195.0,183.0,177.0,182.0,186.0,185.0,182.0,179.0,171.0,159.0,154.0,154.0,152.0,155.0,157.0,157.0,161.0,160.0,159.0,161.0,167.0
4648,184.0,189.0,192.0,198.0,198.0,201.0,86.0,84.0,79.0,83.0,82.0,77.0,76.0,75.0,71.0,72.0,77.0,93.0,130.0,149.0,166.0,166.0,161.0,148.0,132.0,109.0,94.0,95.0,88.0,80.0
4617,70.0,68.0,76.0,85.0,92.0,102.0,67.0,70.0,74.0,76.0,79.0,88.0,108.0,138.0,165.0,182.0,190.0,200.0,215.0,241.0,267.0,274.0,268.0,265.0,261.0,252.0,254.0,267.0,257.0,255.0
4586,248.0,245.0,243.0,240.0,238.0,223.0,249.0,250.0,253.0,253.0,253.0,267.0,268.0,260.0,248.0,229.0,207.0,198.0,185.0,169.0,143.0,123.0,108.0,96.0,91.0,85.0,74.0,69.0,74.0,85.0
4555,113.0,120.0,133.0,151.0,154.0,166.0,108.0,94.0,94.0,99.0,98.0,102.0,121.0,130.0,129.0,131.0,133.0,136.0,139.0,152.0,173.0,185.0,195.0,200.0,198.0,190.0,187.0,176.0,168.0,161.0
4493,166.0,165.0,162.0,157.0,155.0,154.0,171.0,181.0,181.0,181.0,180.0,180.0,176.0,171.0,168.0,163.0,159.0,155.0,153.0,149.0,144.0,130.0,132.0,143.0,157.0,172.0,182.0,184.0,191.0,200.0
4462,239.0,250.0,261.0,265.0,269.0,270.0,266.0,264.0,265.0,267.0,271.0,278.0,276.0,271.0,265.0,260.0,260.0,258.0,256.0,257.0,257.0,254.0,242.0,231.0,223.0,214.0,200.0,179.0,154.0,134.0
4431,206.0,213.0,216.0,215.0,229.0,235.0,239.0,238.0,234.0,225.0,211.0,199.0,189.0,179.0,174.0,170.0,175.0,175.0,166.0,156.0,149.0,142.0,136.0,142.0,147.0,157.0,169.0,179.0,180.0,182.0
4400,173.0,172.0,174.0,181.0,198.0,202.0,199.0,196.0,188.0,173.0,161.0,152.0,140.0,126.0,112.0,114.0,113.0,121.0,124.0,127.0,139.0,164.0,176.0,176.0,180.0,188.0,194.0,204.0,217.0,190.0
4369,179.0,172.0,140.0,131.0,132.0,133.0,134.0,137.0,144.0,158.0,183.0,195.0,198.0,196.0,191.0,189.0,192.0,201.0,214.0,223.0,225.0,223.0,213.0,203.0,195.0,193.0,193.0,196.0,168.0,166.0
4338,162.0,160.0,159.0,144.0,137.0,143.0,160.0,177.0,177.0,171.0,163.0,156.0,153.0,147.0,153.0,157.0,157.0,157.0,157.0,165.0,188.0,210.0,223.0,236.0,248.0,256.0,264.0,273.0,190.0,188.0
4307,190.0,191.0,197.0,199.0,200.0,198.0,197.0,198.0,195.0,193.0,194.0,202.0,215.0,216.0,208.0,198.0,195.0,200.0,204.0,208.0,216.0,217.0,217.0,215.0,209.0,197.0,185.0,195.0,100.0,101.0
4276,90.0,90.0,92.0,92.0,90.0,88.0,84.0,85.0,93.0,119.0,145.0,150.0,162.0,155.0,140.0,127.0,114.0,106.0,97.0,87.0,89.0,95.0,93.0,89.0,84.0,80.0,81.0,212.0,211.0,211.0
4245,210.0,208.0,196.0,186.0,178.0,177.0,179.0,182.0,187.0,187.0,188.0,198.0,225.0,219.0,210.0,203.0,188.0,168.0,148.0,138.0,122.0,107.0,102.0,88.0,82.0,78.0,150.0,152.0,149.0,144.0
4214,135.0,135.0,131.0,132.0,135.0,139.0,151.0,171.0,171.0,166.0,163.0,155.0,154.0,149.0,147.0,147.0,148.0,148.0,148.0,151.0,156.0,152.0,128.0,124.0,120.0,207.0,199.0,198.0,195.0,188.0
4121,123.0,133.0,143.0,154.0,155.0,159.0,165.0,162.0,159.0,157.0,162.0,166.0,167.0,165.0,160.0,156.0,157.0,89.0,89.0,90.0,93.0,96.0,100.0,107.0,113.0,115.0,117.0,123.0,136.0,160.0
4059,228.0,215.0,198.0,187.0,179.0,174.0,170.0,166.0,167.0,162.0,151.0,134.0,125.0,120.0,121.0,129.0,138.0,190.0,189.0,188.0,190.0,191.0,193.0,195.0,194.0,194.0,194.0,191.0,179.0,157.0
4028,121.0,111.0,103.0,97.0,91.0,87.0,86.0,85.0,87.0,89.0,90.0,93.0,99.0,116.0,131.0,142.0,151.0,101.0,107.0,115.0,119.0,126.0,134.0,138.0,145.0,151.0,157.0,162.0,168.0,174.0
3997,190.0,193.0,198.0,203.0,200.0,201.0,205.0,212.0,217.0,224.0,230.0,235.0,241.0,242.0,244.0,244.0,243.0,97.0,89.0,82.0,76.0,71.0,68.0,65.0,65.0,65.0,67.0,74.0,98.0,118.0
3966,140.0,149.0,155.0,159.0,160.0,156.0,156.0,155.0,155.0,158.0,161.0,162.0,163.0,165.0,167.0,169.0,115.0,117.0,118.0,119.0,118.0,119.0,133.0,142.0,153.0,161.0,161.0,164.0,164.0,168.0
3935,190.0,190.0,190.0,182.0,177.0,179.0,194.0,214.0,216.0,228.0,241.0,239.0,240.0,245.0,250.0,247.0,161.0,146.0,135.0,129.0,123.0,116.0,115.0,113.0,111.0,115.0,121.0,129.0,139.0,143.0
3904,139.0,136.0,132.0,124.0,111.0,99.0,95.0,92.0,91.0,89.0,81.0,73.0,71.0,72.0,76.0,79.0,152.0,155.0,161.0,166.0,166.0,164.0,168.0,167.0,167.0,165.0,156.0,143.0,135.0,136.0
3873,145.0,136.0,119.0,111.0,118.0,128.0,130.0,127.0,121.0,119.0,125.0,137.0,140.0,142.0,142.0,171.0,173.0,171.0,171.0,171.0,173.0,190.0,196.0,199.0,198.0,193.0,194.0,198.0,201.0,203.0
3842,185.0,160.0,153.0,157.0,163.0,164.0,170.0,168.0,172.0,175.0,174.0,174.0,175.0,177.0,216.0,219.0,217.0,226.0,219.0,217.0,204.0,195.0,191.0,186.0,181.0,175.0,162.0,156.0,156.0,153.0
3811,148.0,147.0,143.0,145.0,140.0,128.0,116.0,104.0,96.0,94.0,93.0,90.0,95.0,100.0,245.0,241.0,241.0,238.0,232.0,225.0,198.0,187.0,172.0,156.0,144.0,142.0,146.0,158.0,167.0,172.0
3780,151.0,128.0,115.0,117.0,106.0,95.0,91.0,92.0,90.0,87.0,83.0,76.0,77.0,82.0,236.0,243.0,249.0,240.0,243.0,251.0,256.0,261.0,260.0,257.0,252.0,245.0,238.0,230.0,221.0,213.0
3749,210.0,207.0,201.0,196.0,191.0,165.0,160.0,153.0,143.0,138.0,134.0,134.0,134.0,150.0,126.0,113.0,110.0,105.0,131.0,146.0,149.0,154.0,160.0,158.0,156.0,149.0,133.0,123.0,112.0,105.0
3625,130.0,116.0,116.0,122.0,134.0,140.0,142.0,137.0,132.0,132.0,138.0,158.0,169.0,187.0,193.0,200.0,203.0,203.0,198.0,189.0,184.0,176.0,168.0,168.0,168.0,170.0,174.0,179.0,191.0,205.0
3594,209.0,206.0,202.0,200.0,202.0,202.0,199.0,194.0,188.0,179.0,172.0,173.0,81.0,88.0,97.0,109.0,108.0,105.0,102.0,98.0,95.0,92.0,87.0,87.0,90.0,94.0,101.0,108.0,113.0,117.0
3563,121.0,121.0,121.0,121.0,121.0,119.0,119.0,126.0,138.0,139.0,137.0,193.0,200.0,203.0,203.0,206.0,205.0,204.0,201.0,204.0,209.0,212.0,212.0,209.0,206.0,207.0,207.0,204.0,198.0,191.0
3532,178.0,177.0,179.0,182.0,182.0,182.0,181.0,179.0,175.0,172.0,168.0,164.0,159.0,150.0,142.0,141.0,137.0,136.0,132.0,122.0,122.0,120.0,116.0,102.0,89.0,87.0,87.0,92.0,100.0,110.0
3501,130.0,131.0,135.0,138.0,142.0,145.0,144.0,137.0,81.0,82.0,84.0,88.0,91.0,91.0,88.0,85.0,84.0,84.0,86.0,89.0,93.0,103.0,113.0,112.0,112.0,107.0,104.0,100.0,94.0,90.0
3470,80.0,77.0,76.0,77.0,79.0,81.0,84.0,163.0,162.0,156.0,151.0,150.0,149.0,145.0,136.0,136.0,135.0,132.0,133.0,136.0,146.0,165.0,164.0,168.0,169.0,168.0,168.0,165.0,161.0,157.0
3439,141.0,139.0,136.0,134.0,139.0,138.0,134.0,130.0,125.0,120.0,119.0,114.0,107.0,105.0,108.0,117.0,135.0,149.0,150.0,141.0,126.0,108.0,100.0,95.0,90.0,84.0,76.0,70.0,66.0,62.0
3408,51.0,43.0,40.0,182.0,185.0,185.0,185.0,183.0,179.0,172.0,167.0,162.0,158.0,154.0,152.0,148.0,146.0,140.0,130.0,122.0,117.0,111.0,99.0,99.0,107.0,116.0,118.0,118.0,121.0,134.0
3377,153.0,160.0,232.0,230.0,229.0,226.0,215.0,202.0,168.0,154.0,143.0,135.0,140.0,149.0,159.0,173.0,172.0,165.0,147.0,111.0,120.0,122.0,117.0,112.0,109.0,102.0,94.0,86.0,77.0,77.0
3346,83.0,176.0,178.0,178.0,176.0,173.0,167.0,169.0,174.0,176.0,175.0,179.0,193.0,207.0,215.0,221.0,233.0,229.0,218.0,215.0,212.0,203.0,199.0,192.0,170.0,165.0,166.0,173.0,182.0,192.0
3315,181.0,168.0,175.0,177.0,182.0,190.0,212.0,225.0,217.0,214.0,231.0,238.0,249.0,257.0,261.0,271.0,272.0,275.0,275.0,266.0,258.0,251.0,247.0,243.0,240.0,233.0,219.0,207.0,197.0,189.0
3222,274.0,276.0,273.0,266.0,259.0,246.0,233.0,211.0,196.0,186.0,179.0,170.0,155.0,148.0,142.0,141.0,150.0,159.0,170.0,173.0,174.0,173.0,167.0,158.0,226.0,210.0,197.0,185.0,175.0,166.0
3191,147.0,137.0,126.0,127.0,118.0,111.0,104.0,95.0,85.0,78.0,71.0,65.0,57.0,52.0,58.0,65.0,72.0,83.0,99.0,98.0,95.0,88.0,85.0,87.0,170.0,163.0,156.0,162.0,170.0,178.0
3129,224.0,221.0,219.0,222.0,235.0,254.0,260.0,269.0,272.0,264.0,258.0,257.0,259.0,264.0,265.0,263.0,264.0,267.0,267.0,265.0,262.0,257.0,251.0,97.0,96.0,95.0,97.0,102.0,108.0,112.0
3098,115.0,121.0,136.0,145.0,146.0,142.0,135.0,134.0,134.0,135.0,132.0,126.0,120.0,123.0,130.0,140.0,149.0,152.0,155.0,157.0,161.0,160.0,144.0,146.0,149.0,152.0,158.0,162.0,166.0,169.0
3067,199.0,217.0,218.0,220.0,213.0,206.0,205.0,207.0,207.0,205.0,204.0,203.0,202.0,197.0,188.0,176.0,167.0,160.0,155.0,157.0,158.0,153.0,170.0,172.0,179.0,195.0,204.0,214.0,235.0,239.0
3036,222.0,211.0,182.0,162.0,153.0,144.0,133.0,135.0,142.0,147.0,153.0,154.0,152.0,156.0,176.0,195.0,210.0,214.0,223.0,232.0,246.0,259.0,108.0,101.0,102.0,107.0,106.0,111.0,113.0,113.0
3005,110.0,96.0,82.0,77.0,83.0,94.0,117.0,121.0,130.0,131.0,128.0,128.0,124.0,123.0,123.0,119.0,110.0,105.0,109.0,113.0,116.0,164.0,166.0,170.0,172.0,173.0,171.0,165.0,161.0,147.0
2974,146.0,155.0,175.0,180.0,180.0,172.0,171.0,175.0,182.0,195.0,205.0,208.0,203.0,193.0,180.0,172.0,176.0,185.0,189.0,189.0,182.0,197.0,193.0,190.0,188.0,185.0,183.0,182.0,182.0,185.0
2881,179.0,177.0,171.0,156.0,142.0,130.0,120.0,114.0,105.0,94.0,100.0,102.0,96.0,85.0,83.0,82.0,76.0,62.0,63.0,159.0,168.0,164.0,170.0,167.0,163.0,171.0,174.0,182.0,186.0,194.0
2819,135.0,130.0,126.0,121.0,114.0,101.0,101.0,108.0,120.0,149.0,161.0,168.0,174.0,185.0,202.0,224.0,229.0,249.0,259.0,265.0,272.0,280.0,288.0,298.0,306.0,304.0,307.0,304.0,302.0,283.0
2788,241.0,217.0,184.0,156.0,134.0,117.0,97.0,88.0,82.0,76.0,73.0,49.0,47.0,48.0,53.0,65.0,81.0,93.0,104.0,209.0,209.0,206.0,201.0,199.0,197.0,167.0,166.0,164.0,160.0,161.0
2757,143.0,131.0,122.0,114.0,105.0,99.0,93.0,89.0,91.0,93.0,96.0,94.0,98.0,108.0,120.0,133.0,140.0,152.0,157.0,167.0,176.0,186.0,200.0,229.0,250.0,260.0,272.0,273.0,268.0,266.0
2726,275.0,277.0,272.0,268.0,262.0,255.0,252.0,251.0,252.0,260.0,270.0,277.0,283.0,289.0,298.0,300.0,293.0,285.0,138.0,139.0,141.0,138.0,133.0,142.0,148.0,151.0,151.0,152.0,154.0,161.0
2602,130.0,127.0,125.0,129.0,136.0,140.0,144.0,146.0,149.0,125.0,123.0,119.0,115.0,114.0,113.0,107.0,94.0,95.0,95.0,98.0,100.0,98.0,98.0,100.0,107.0,109.0,106.0,98.0,94.0,86.0
2571,88.0,89.0,86.0,83.0,84.0,87.0,90.0,90.0,190.0,190.0,190.0,189.0,177.0,172.0,170.0,169.0,169.0,169.0,171.0,175.0,181.0,185.0,185.0,181.0,178.0,176.0,174.0,173.0,171.0,168.0
2540,167.0,170.0,174.0,178.0,180.0,166.0,175.0,184.0,191.0,198.0,205.0,211.0,220.0,228.0,236.0,241.0,248.0,253.0,252.0,246.0,239.0,235.0,231.0,229.0,230.0,231.0,231.0,230.0,230.0,231.0
2509,229.0,223.0,221.0,217.0,232.0,221.0,215.0,212.0,209.0,212.0,217.0,216.0,205.0,197.0,191.0,191.0,192.0,195.0,198.0,204.0,208.0,205.0,202.0,200.0,199.0,191.0,173.0,164.0,158.0,151.0
2447,158.0,151.0,190.0,191.0,189.0,187.0,185.0,183.0,181.0,178.0,178.0,183.0,195.0,211.0,219.0,225.0,230.0,231.0,231.0,234.0,238.0,243.0,247.0,249.0,253.0,256.0,259.0,260.0,259.0,258.0
2385,92.0,180.0,180.0,183.0,183.0,183.0,189.0,204.0,216.0,225.0,225.0,226.0,221.0,214.0,212.0,211.0,211.0,210.0,206.0,201.0,195.0,187.0,177.0,167.0,159.0,155.0,153.0,157.0,160.0,160.0
2354,160.0,171.0,172.0,172.0,169.0,167.0,165.0,168.0,169.0,165.0,162.0,160.0,163.0,167.0,170.0,168.0,160.0,148.0,142.0,138.0,135.0,134.0,131.0,129.0,126.0,127.0,127.0,125.0,127.0,128.0
2323,136.0,180.0,178.0,176.0,176.0,177.0,175.0,174.0,170.0,167.0,166.0,169.0,172.0,177.0,180.0,180.0,179.0,177.0,175.0,174.0,173.0,171.0,164.0,152.0,144.0,140.0,134.0,129.0,134.0,135.0
2230,164.0,164.0,163.0,160.0,150.0,141.0,145.0,156.0,160.0,158.0,154.0,151.0,149.0,148.0,148.0,152.0,160.0,171.0,182.0,180.0,172.0,163.0,160.0,156.0,154.0,156.0,162.0,168.0,175.0,178.0
2199,174.0,171.0,169.0,167.0,167.0,170.0,172.0,171.0,160.0,127.0,139.0,157.0,173.0,189.0,187.0,187.0,181.0,178.0,181.0,198.0,216.0,220.0,221.0,249.0,256.0,264.0,268.0,260.0,255.0,244.0
2168,224.0,206.0,198.0,182.0,180.0,176.0,171.0,163.0,144.0,133.0,127.0,116.0,102.0,93.0,81.0,74.0,77.0,78.0,81.0,83.0,86.0,91.0,234.0,234.0,230.0,219.0,205.0,196.0,182.0,177.0
2137,162.0,151.0,136.0,118.0,116.0,110.0,106.0,101.0,96.0,97.0,100.0,106.0,106.0,105.0,105.0,103.0,98.0,90.0,80.0,71.0,63.0,55.0,116.0,127.0,138.0,143.0,148.0,155.0,160.0,166.0
2106,182.0,191.0,196.0,201.0,207.0,202.0,194.0,181.0,166.0,168.0,178.0,183.0,185.0,184.0,181.0,179.0,179.0,182.0,188.0,200.0,213.0,222.0,117.0,113.0,114.0,115.0,118.0,119.0,118.0,119.0
2075,128.0,153.0,155.0,149.0,135.0,107.0,90.0,76.0,72.0,70.0,75.0,78.0,76.0,72.0,68.0,71.0,78.0,94.0,107.0,121.0,130.0,141.0,165.0,167.0,170.0,173.0,176.0,180.0,178.0,175.0
2044,172.0,168.0,161.0,149.0,137.0,131.0,131.0,131.0,130.0,129.0,130.0,136.0,152.0,166.0,172.0,178.0,182.0,189.0,191.0,198.0,200.0,173.0,183.0,193.0,203.0,210.0,212.0,217.0,216.0,210.0
2013,202.0,205.0,213.0,230.0,248.0,250.0,246.0,233.0,216.0,199.0,186.0,178.0,171.0,164.0,157.0,149.0,139.0,137.0,132.0,132.0,196.0,199.0,205.0,200.0,197.0,202.0,215.0,224.0,218.0,216.0
1982,233.0,246.0,253.0,254.0,250.0,245.0,244.0,247.0,245.0,245.0,247.0,258.0,260.0,257.0,256.0,256.0,259.0,266.0,274.0,279.0,184.0,177.0,173.0,168.0,167.0,169.0,180.0,184.0,184.0,184.0
1951,184.0,187.0,196.0,207.0,213.0,210.0,202.0,195.0,190.0,189.0,178.0,174.0,166.0,164.0,162.0,165.0,172.0,174.0,173.0,191.0,185.0,181.0,165.0,163.0,157.0,152.0,138.0,133.0,131.0,134.0
1920,157.0,169.0,162.0,161.0,159.0,158.0,153.0,147.0,146.0,147.0,145.0,135.0,125.0,120.0,120.0,120.0,119.0,119.0,148.0,145.0,143.0,139.0,138.0,140.0,150.0,150.0,148.0,148.0,153.0,170.0
1889,195.0,206.0,217.0,227.0,237.0,232.0,224.0,216.0,204.0,190.0,182.0,170.0,149.0,150.0,141.0,133.0,130.0,188.0,197.0,191.0,196.0,211.0,215.0,223.0,232.0,228.0,225.0,225.0,226.0,230.0
1858,245.0,238.0,232.0,221.0,211.0,195.0,177.0,163.0,147.0,139.0,125.0,106.0,101.0,98.0,97.0,102.0,106.0,249.0,244.0,243.0,249.0,257.0,260.0,261.0,265.0,281.0,283.0,279.0,265.0,250.0
1765,183.0,180.0,177.0,171.0,165.0,169.0,178.0,139.0,139.0,137.0,136.0,135.0,134.0,130.0,127.0,118.0,115.0,111.0,108.0,104.0,100.0,100.0,97.0,88.0,78.0,71.0,67.0,69.0,70.0,67.0
1734,59.0,60.0,64.0,69.0,74.0,78.0,81.0,246.0,243.0,238.0,235.0,235.0,233.0,229.0,222.0,213.0,204.0,197.0,188.0,178.0,165.0,154.0,143.0,135.0,126.0,118.0,110.0,101.0,94.0,89.0
1703,83.0,85.0,90.0,98.0,113.0,115.0,117.0,129.0,134.0,140.0,148.0,158.0,166.0,176.0,187.0,198.0,212.0,227.0,234.0,236.0,231.0,217.0,203.0,196.0,194.0,200.0,207.0,214.0,220.0,219.0
1672,222.0,224.0,226.0,225.0,229.0,228.0,105.0,104.0,104.0,105.0,109.0,117.0,126.0,128.0,131.0,133.0,133.0,139.0,146.0,150.0,156.0,159.0,158.0,157.0,160.0,172.0,187.0,198.0,212.0,225.0
1641,233.0,239.0,244.0,240.0,237.0,231.0,209.0,208.0,209.0,206.0,201.0,193.0,182.0,174.0,167.0,167.0,175.0,184.0,191.0,192.0,187.0,177.0,158.0,143.0,133.0,126.0,117.0,109.0,103.0,101.0
1610,101.0,100.0,96.0,93.0,93.0,98.0,193.0,192.0,188.0,189.0,187.0,183.0,179.0,173.0,168.0,163.0,157.0,152.0,144.0,134.0,126.0,126.0,131.0,134.0,134.0,137.0,136.0,133.0,131.0,129.0
1579,119.0,114.0,107.0,98.0,87.0,80.0,156.0,161.0,164.0,167.0,166.0,164.0,179.0,185.0,198.0,211.0,203.0,193.0,182.0,171.0,172.0,169.0,179.0,185.0,182.0,181.0,180.0,180.0,180.0,178.0
1548,165.0,168.0,171.0,172.0,171.0,108.0,114.0,119.0,123.0,131.0,138.0,166.0,170.0,170.0,166.0,160.0,162.0,174.0,171.0,170.0,174.0,172.0,169.0,165.0,161.0,150.0,144.0,141.0,132.0,130.0
1517,137.0,143.0,150.0,155.0,164.0,292.0,299.0,314.0,335.0,344.0,349.0,360.0,367.0,362.0,359.0,359.0,360.0,363.0,365.0,360.0,361.0,371.0,373.0,376.0,368.0,360.0,365.0,365.0,364.0,363.0
1362,198.0,193.0,187.0,188.0,188.0,188.0,187.0,189.0,190.0,189.0,188.0,187.0,190.0,203.0,201.0,195.0,190.0,187.0,185.0,190.0,198.0,193.0,180.0,167.0,168.0,168.0,165.0,163.0,145.0,140.0
1331,123.0,124.0,124.0,157.0,172.0,165.0,152.0,145.0,150.0,155.0,156.0,156.0,159.0,160.0,156.0,154.0,154.0,152.0,142.0,137.0,127.0,122.0,122.0,120.0,119.0,121.0,122.0,155.0,155.0,155.0
1300,156.0,158.0,161.0,160.0,158.0,157.0,153.0,145.0,148.0,152.0,153.0,143.0,128.0,117.0,107.0,98.0,98.0,102.0,111.0,114.0,112.0,108.0,108.0,114.0,123.0,133.0,178.0,178.0,176.0,174.0
1269,181.0,180.0,174.0,159.0,148.0,151.0,162.0,173.0,188.0,182.0,173.0,154.0,142.0,132.0,126.0,128.0,127.0,125.0,120.0,110.0,106.0,101.0,95.0,91.0,172.0,171.0,168.0,160.0,156.0,151.0
1238,160.0,161.0,166.0,167.0,170.0,167.0,163.0,153.0,141.0,129.0,127.0,131.0,138.0,143.0,151.0,151.0,145.0,136.0,129.0,134.0,152.0,163.0,176.0,116.0,113.0,112.0,116.0,132.0,135.0,146.0
1207,152.0,155.0,158.0,158.0,156.0,153.0,147.0,139.0,132.0,124.0,115.0,110.0,104.0,101.0,100.0,94.0,91.0,83.0,75.0,65.0,56.0,62.0,204.0,202.0,196.0,189.0,193.0,192.0,187.0,185.0
1176,183.0,179.0,172.0,165.0,163.0,173.0,175.0,170.0,161.0,153.0,146.0,144.0,151.0,161.0,176.0,185.0,190.0,189.0,181.0,177.0,172.0,165.0,142.0,144.0,147.0,150.0,150.0,152.0,156.0,157.0
1145,156.0,154.0,153.0,157.0,167.0,171.0,178.0,188.0,189.0,190.0,190.0,192.0,197.0,204.0,209.0,210.0,212.0,215.0,215.0,215.0,217.0,169.0,172.0,174.0,170.0,160.0,161.0,190.0,194.0,196.0
1114,207.0,207.0,201.0,202.0,220.0,233.0,236.0,227.0,218.0,212.0,217.0,237.0,253.0,267.0,284.0,284.0,290.0,297.0,297.0,297.0,301.0,157.0,152.0,147.0,140.0,133.0,127.0,128.0,133.0,139.0
1083,138.0,139.0,148.0,146.0,136.0,136.0,138.0,140.0,143.0,150.0,155.0,158.0,164.0,165.0,164.0,166.0,174.0,185.0,197.0,195.0,51.0,50.0,49.0,56.0,85.0,122.0,126.0,131.0,145.0,139.0
1052,118.0,105.0,90.0,83.0,75.0,64.0,61.0,60.0,71.0,78.0,80.0,81.0,81.0,81.0,84.0,88.0,94.0,195.0,205.0,211.0,217.0,226.0,239.0,220.0,208.0,209.0,210.0,207.0,207.0,206.0
1021,189.0,169.0,161.0,168.0,180.0,184.0,180.0,174.0,173.0,179.0,187.0,182.0,180.0,181.0,184.0,187.0,139.0,135.0,138.0,138.0,136.0,133.0,129.0,126.0,126.0,122.0,113.0,100.0,86.0,77.0
990,75.0,72.0,72.0,73.0,74.0,73.0,67.0,65.0,67.0,67.0,68.0,67.0,65.0,64.0,63.0,63.0,67.0,74.0,84.0,91.0,91.0,93.0,112.0,122.0,126.0,128.0,121.0,112.0,93.0,77.0
959,80.0,89.0,91.0,85.0,71.0,58.0,49.0,46.0,43.0,40.0,40.0,46.0,62.0,84.0,96.0,111.0,111.0,113.0,118.0,131.0,142.0,156.0,161.0,168.0,164.0,154.0,137.0,112.0,95.0,75.0
928,51.0,48.0,55.0,69.0,85.0,90.0,91.0,86.0,80.0,78.0,82.0,102.0,123.0,130.0,149.0,149.0,154.0,168.0,172.0,179.0,201.0,208.0,197.0,188.0,191.0,197.0,199.0,197.0,190.0,204.0
804,150.0,141.0,138.0,139.0,142.0,142.0,140.0,136.0,134.0,135.0,136.0,136.0,135.0,135.0,136.0,112.0,114.0,117.0,122.0,127.0,135.0,145.0,154.0,163.0,171.0,180.0,188.0,188.0,181.0,171.0
773,151.0,144.0,140.0,138.0,140.0,144.0,150.0,151.0,148.0,143.0,139.0,137.0,138.0,141.0,84.0,85.0,85.0,83.0,81.0,81.0,75.0,73.0,73.0,72.0,72.0,74.0,79.0,87.0,96.0,96.0
742,86.0,82.0,84.0,90.0,101.0,107.0,111.0,117.0,123.0,123.0,120.0,119.0,121.0,114.0,119.0,125.0,127.0,124.0,121.0,121.0,119.0,122.0,135.0,156.0,163.0,165.0,159.0,146.0,130.0,118.0
680,107.0,108.0,110.0,113.0,118.0,126.0,133.0,135.0,135.0,138.0,142.0,149.0,157.0,173.0,177.0,179.0,180.0,179.0,180.0,171.0,168.0,168.0,164.0,160.0,153.0,146.0,142.0,138.0,136.0,134.0
649,129.0,130.0,133.0,139.0,144.0,145.0,146.0,150.0,160.0,168.0,171.0,166.0,150.0,154.0,158.0,162.0,166.0,169.0,187.0,194.0,196.0,196.0,196.0,194.0,192.0,190.0,191.0,198.0,204.0,203.0
556,121.0,115.0,105.0,97.0,93.0,91.0,100.0,109.0,119.0,130.0,136.0,167.0,187.0,198.0,208.0,216.0,222.0,237.0,243.0,247.0,246.0,246.0,243.0,236.0,229.0,220.0,208.0,196.0,183.0,170.0
525,156.0,148.0,146.0,145.0,140.0,133.0,131.0,132.0,134.0,136.0,138.0,192.0,192.0,193.0,194.0,197.0,207.0,210.0,207.0,209.0,211.0,206.0,203.0,199.0,196.0,198.0,198.0,196.0,186.0,179.0
494,153.0,143.0,136.0,128.0,120.0,117.0,115.0,119.0,123.0,126.0,114.0,115.0,111.0,102.0,100.0,102.0,95.0,92.0,90.0,91.0,93.0,95.0,96.0,98.0,100.0,102.0,102.0,103.0,106.0,107.0
463,99.0,96.0,90.0,81.0,80.0,77.0,71.0,70.0,70.0,175.0,180.0,181.0,178.0,173.0,169.0,166.0,167.0,168.0,165.0,157.0,147.0,138.0,138.0,146.0,156.0,165.0,173.0,180.0,182.0,188.0
432,193.0,196.0,193.0,192.0,197.0,214.0,225.0,233.0,234.0,110.0,116.0,124.0,124.0,123.0,123.0,145.0,159.0,176.0,186.0,196.0,208.0,213.0,222.0,217.0,207.0,200.0,196.0,191.0,184.0,175.0
401,171.0,169.0,168.0,165.0,160.0,157.0,157.0,159.0,159.0,134.0,131.0,127.0,129.0,133.0,134.0,129.0,125.0,126.0,129.0,127.0,125.0,121.0,117.0,115.0,114.0,118.0,118.0,116.0,113.0,112.0
370,103.0,94.0,90.0,84.0,81.0,79.0,76.0,76.0,78.0,165.0,166.0,172.0,188.0,209.0,207.0,224.0,226.0,217.0,221.0,221.0,227.0,225.0,221.0,215.0,209.0,200.0,175.0,163.0,158.0,152.0
339,162.0,157.0,158.0,178.0,177.0,171.0,167.0,165.0,164.0,207.0,195.0,191.0,185.0,177.0,168.0,153.0,148.0,145.0,153.0,163.0,166.0,163.0,156.0,144.0,138.0,131.0,122.0,115.0,106.0,100.0
308,99.0,103.0,105.0,107.0,107.0,106.0,103.0,102.0,105.0,178.0,175.0,175.0,171.0,165.0,162.0,162.0,161.0,167.0,184.0,180.0,164.0,157.0,147.0,136.0,119.0,110.0,99.0,92.0,85.0,80.0
277,75.0,72.0,65.0,59.0,54.0,56.0,55.0,53.0,157.0,157.0,161.0,167.0,169.0,170.0,168.0,169.0,167.0,159.0,156.0,160.0,157.0,146.0,129.0,124.0,113.0,103.0,99.0,95.0,84.0,87.0
246,93.0,96.0,95.0,94.0,98.0,101.0,102.0,132.0,131.0,141.0,146.0,152.0,159.0,165.0,169.0,172.0,174.0,181.0,202.0,201.0,199.0,192.0,185.0,186.0,189.0,188.0,180.0,174.0,165.0,165.0
215,167.0,170.0,175.0,176.0,175.0,181.0,189.0,116.0,117.0,118.0,116.0,116.0,123.0,175.0,174.0,176.0,174.0,173.0,186.0,194.0,200.0,203.0,203.0,203.0,203.0,202.0,199.0,192.0,179.0,170.0
184,180.0,171.0,146.0,156.0,162.0,163.0,162.0,126.0,139.0,141.0,143.0,154.0,155.0,153.0,150.0,151.0,149.0,144.0,135.0,134.0,133.0,127.0,107.0,86.0,99.0,101.0,101.0,97.0,97.0,92.0
91,154.0,153.0,146.0,143.0,140.0,135.0,123.0,113.0,109.0,102.0,103.0,117.0,150.0,164.0,181.0,199.0,214.0,220.0,225.0,231.0,239.0,236.0,240.0,248.0,249.0,247.0,243.0,237.0,226.0,211.0
60,192.0,182.0,201.0,198.0,198.0,200.0,199.0,200.0,197.0,187.0,175.0,172.0,167.0,153.0,138.0,125.0,117.0,109.0,102.0,107.0,116.0,127.0,132.0,131.0,123.0,103.0,88.0,78.0,76.0,84.0
29,109.0,111.0,158.0,152.0,153.0,152.0,150.0,147.0,143.0,134.0,132.0,135.0,142.0,147.0,149.0,151.0,153.0,150.0,142.0,139.0,138.0,144.0,149.0,150.0,149.0,147.0,147.0,153.0,164.0,172.0
